{"cameraMode":{"drawMode":0,"name":"Shaded","section":"Shading Mode"},"sceneLighting":true,"audioPlay":false,"sceneViewState":{"showFog":true,"showMaterialUpdate":false,"showSkybox":true,"showFlares":true,"showImageEffects":true,"showParticleSystems":true},"in2DMode":false,"pivot":{"x":199.96002197265626,"y":-552.65966796875,"z":1979.325439453125},"rotation":{"x":0.1767669916152954,"y":-0.10901016741991043,"z":0.01971345953643322,"w":0.9780193567276001},"size":2534.778076171875,"orthographic":false}